[
  {
    "image": "http://lorempixel.com/image_output/abstract-q-c-200-200-3.jpg",
    "description": "Id aute consectetur occaecat sit anim laborum laboris occaecat ex occaecat qui cillum. Id officia ut est esse veniam cillum dolore est dolore. Ut elit mollit minim elit dolor ipsum sint.\n\nDolore non Lorem quis aute commodo minim adipisicing nostrud voluptate exercitation sunt amet veniam. Incididunt officia minim incididunt laboris ipsum culpa anim est proident consectetur consectetur cupidatat. Tempor amet officia incididunt amet ad eiusmod eu qui fugiat ea mollit reprehenderit et officia.",
    "brasserie": "Qot",
    "nom": "ipsum ut consequat do minim"
  },
  {
    "image": "http://lorempixel.com/image_output/abstract-q-c-200-200-6.jpg",
    "description": "Ut voluptate in enim ea sunt occaecat sunt excepteur culpa sit dolore sit. Occaecat dolor veniam ullamco quis culpa sunt quis do nisi sint nulla do. Velit deserunt est nulla ex sunt ex velit qui ipsum aliqua culpa cillum excepteur. Nulla culpa culpa fugiat aliqua esse officia Lorem eiusmod non veniam adipisicing officia.\n\nSit pariatur tempor incididunt cupidatat nisi voluptate do Lorem sit. Et est cillum sunt minim aliqua minim eu. Fugiat esse ad velit excepteur adipisicing elit dolor elit duis id anim minim. Lorem duis non ut consequat irure laborum mollit quis. Aliqua deserunt cupidatat nostrud ad Lorem sint aliquip aliquip dolor.",
    "brasserie": "Genekom",
    "nom": "et magna sunt mollit deserunt"
  },
  {
    "image": "http://lorempixel.com/image_output/abstract-q-c-200-200-5.jpg",
    "description": "Incididunt laborum laborum culpa est esse cupidatat dolor quis ad ad nostrud commodo anim. Reprehenderit esse cupidatat proident in officia. Magna cillum quis adipisicing mollit dolor deserunt sit deserunt esse voluptate nostrud nostrud. Tempor sit nostrud est elit labore incididunt dolor anim. Dolore officia ad elit ex id ipsum excepteur. Qui dolore exercitation aliquip in est irure aliquip qui.\n\nMollit dolore cupidatat amet anim enim laboris. Duis nostrud quis consequat laborum. Commodo aute voluptate incididunt dolore deserunt. Duis labore reprehenderit do amet voluptate duis voluptate occaecat ut. Veniam consequat do ad fugiat anim consectetur eiusmod dolore nisi adipisicing amet. Labore cupidatat culpa officia quis aliquip velit.",
    "brasserie": "Billmed",
    "nom": "sit eu excepteur nostrud pariatur"
  },
  {
    "image": "http://lorempixel.com/image_output/abstract-q-c-200-200-2.jpg",
    "description": "Cupidatat officia eu ut duis id voluptate nisi nostrud nostrud anim consequat consectetur veniam. Ex cillum minim excepteur do in sit ea magna. Aute minim labore officia consectetur proident cupidatat dolor labore commodo. Reprehenderit fugiat officia cillum id et ut voluptate id deserunt. Dolor deserunt veniam ex commodo. Non reprehenderit commodo elit nulla anim labore cupidatat dolore ut quis. Laborum exercitation sunt eiusmod sit eiusmod adipisicing labore velit ipsum minim velit.\n\nLabore eu nulla enim minim anim nostrud Lorem eiusmod anim cillum proident magna. Sint eu sit sit velit. Eiusmod incididunt est cillum commodo minim.",
    "brasserie": "Concility",
    "nom": "pariatur sit magna exercitation dolor"
  },
  {
    "image": "http://lorempixel.com/image_output/abstract-q-c-200-200-1.jpg",
    "description": "Irure aliqua adipisicing qui ea ea veniam enim do veniam aute do ullamco est. Aliqua voluptate laboris sint ipsum eiusmod quis nisi tempor Lorem. Et eu sit minim irure voluptate aliquip.\n\nAliqua id ea ex aute. Lorem aliquip proident do aliqua sunt. Lorem non eu excepteur ea non. Laboris irure eu occaecat minim eu duis voluptate. Fugiat adipisicing pariatur sint minim culpa fugiat. Deserunt fugiat tempor commodo adipisicing incididunt incididunt nisi aliqua.",
    "brasserie": "Talkalot",
    "nom": "cillum ex tempor fugiat ad"
  },
  {
    "image": "http://lorempixel.com/image_output/abstract-q-c-200-200-2.jpg",
    "description": "Laborum nulla voluptate minim dolor aliquip aliquip ex cillum deserunt. Anim laborum officia culpa nisi occaecat. Anim in laborum sint elit reprehenderit enim. Incididunt quis voluptate labore duis officia culpa id irure ad amet Lorem.\n\nConsequat cillum officia Lorem quis officia. Veniam eiusmod in adipisicing cillum commodo. Ex excepteur tempor aliquip labore dolore culpa. Veniam exercitation deserunt do anim. Ad dolore tempor dolore excepteur sint.",
    "brasserie": "Terascape",
    "nom": "laborum irure occaecat nulla ad"
  },
  {
    "image": "http://lorempixel.com/image_output/abstract-q-c-200-200-8.jpg",
    "description": "Et sint ex nisi est deserunt consectetur sit dolor consequat. Aliquip excepteur eu do ad ex labore ipsum exercitation pariatur aliquip incididunt non consectetur. Eiusmod culpa laborum qui proident proident non laborum do aute Lorem incididunt. Aliqua dolor eiusmod reprehenderit est. Ea quis sit consequat eu enim et et adipisicing sunt nulla quis. Nisi culpa id laborum mollit laborum deserunt ut ad anim deserunt non nisi commodo. Cupidatat sint cupidatat culpa velit excepteur dolore.\n\nNulla enim cupidatat aute cillum eiusmod consectetur consectetur velit aliquip dolore. Amet dolor aliquip velit aute minim reprehenderit officia pariatur quis id dolore laborum enim. Dolor nisi velit fugiat cillum magna exercitation irure eu eu. Dolor ea aute irure est ipsum consectetur duis ut eiusmod. Ex eiusmod minim eiusmod esse anim esse deserunt ad labore veniam reprehenderit eiusmod.",
    "brasserie": "Oulu",
    "nom": "tempor sunt ullamco aliquip est"
  },
  {
    "image": "http://lorempixel.com/image_output/abstract-q-c-200-200-9.jpg",
    "description": "Esse sint duis minim aute mollit veniam id culpa ex fugiat nulla. Elit minim sit fugiat velit culpa consectetur velit. Id ipsum ut anim do pariatur nulla aute quis. Sit ad sunt quis veniam tempor incididunt amet aute. Adipisicing aliqua elit fugiat labore consectetur enim ea commodo laboris aute nulla ut ad. Dolore elit nulla elit ullamco tempor nulla ullamco adipisicing labore tempor.\n\nLabore mollit Lorem est esse excepteur occaecat aliqua. Elit do est veniam eu. Enim laborum eiusmod qui sunt incididunt ullamco nostrud magna nisi proident commodo sint eiusmod.",
    "brasserie": "Acrodance",
    "nom": "ex pariatur labore et exercitation"
  },
  {
    "image": "http://lorempixel.com/image_output/abstract-q-c-200-200-1.jpg",
    "description": "Reprehenderit minim duis velit tempor cillum consectetur excepteur voluptate ad tempor in irure labore veniam. Cupidatat quis cillum consequat tempor irure culpa Lorem. Sint aute veniam consectetur et amet aliqua ullamco aute aute. Nostrud pariatur id Lorem incididunt. Duis Lorem in sunt nisi elit cillum sint mollit aliqua aliqua reprehenderit amet fugiat. Reprehenderit fugiat proident labore nulla aute.\n\nId ex est qui est proident irure tempor. Proident ea id amet Lorem pariatur. Nostrud aute dolor consequat elit. Anim officia labore ut irure. Ullamco dolore minim fugiat commodo nostrud incididunt voluptate voluptate eu dolore ut. Sint exercitation ullamco nulla aliquip.",
    "brasserie": "Recritube",
    "nom": "non labore consectetur ut occaecat"
  },
  {
    "image": "http://lorempixel.com/image_output/abstract-q-c-200-200-7.jpg",
    "description": "Sunt nostrud minim occaecat anim. Ullamco velit veniam tempor consequat labore nisi nisi. Lorem adipisicing culpa dolore sit ut ex cupidatat aute est. Fugiat pariatur magna labore tempor. Ullamco labore nulla reprehenderit laborum proident anim do aute est. Ullamco ut mollit commodo irure anim. Fugiat pariatur excepteur et proident non ea cupidatat.\n\nMollit eu veniam eu consectetur nostrud excepteur veniam commodo enim sint voluptate. Proident commodo cillum aute ea amet eiusmod amet incididunt enim minim pariatur eu. Cillum aliquip incididunt ex ea officia voluptate Lorem. Tempor aute nostrud minim aute.",
    "brasserie": "Zosis",
    "nom": "Lorem aute commodo voluptate nulla"
  },
  {
    "image": "http://lorempixel.com/image_output/abstract-q-c-200-200-5.jpg",
    "description": "Occaecat cillum labore dolore irure aute enim ad magna. Voluptate laboris amet id amet dolore. Et veniam officia culpa exercitation cupidatat eiusmod sit reprehenderit nisi amet incididunt reprehenderit. Ea velit id mollit enim duis deserunt officia consectetur et ea consequat fugiat in. Minim proident sit quis ullamco. Esse amet elit aliqua nisi sunt ut dolore consectetur ex. Et labore aute irure duis irure.\n\nIn minim Lorem nisi pariatur nisi sit officia elit. Occaecat nostrud veniam consequat in est amet occaecat nulla amet. Ut dolor adipisicing quis incididunt. Eiusmod occaecat sint commodo tempor reprehenderit esse. Sunt enim aute labore ad Lorem officia. Veniam laborum dolore duis magna minim fugiat veniam reprehenderit ex consectetur Lorem ea eu consectetur. In ullamco deserunt Lorem reprehenderit velit enim Lorem duis.",
    "brasserie": "Arctiq",
    "nom": "ipsum ad tempor sint proident"
  },
  {
    "image": "http://lorempixel.com/image_output/abstract-q-c-200-200-9.jpg",
    "description": "Velit sint consectetur voluptate deserunt occaecat tempor aute do eu dolor eu eiusmod veniam culpa. Aute commodo cillum cupidatat ad culpa pariatur culpa ipsum proident ex reprehenderit et eu. Veniam sit elit aute aliqua.\n\nMollit anim nisi culpa laboris laborum. Dolore voluptate elit anim ut. Amet occaecat incididunt irure nostrud. Velit exercitation do esse culpa deserunt proident nostrud ut duis aute reprehenderit deserunt ipsum. Proident enim proident velit et minim do.",
    "brasserie": "Stucco",
    "nom": "officia reprehenderit labore sunt dolore"
  },
  {
    "image": "http://lorempixel.com/image_output/abstract-q-c-200-200-8.jpg",
    "description": "Culpa ex tempor voluptate mollit aliquip id voluptate anim in. Consequat cupidatat reprehenderit est voluptate ipsum laboris velit laboris. Incididunt eu reprehenderit consectetur elit qui proident sunt ad Lorem proident tempor. Excepteur ut consequat commodo aute fugiat incididunt nisi aute. Reprehenderit aute proident exercitation eu aliquip sunt Lorem ex sunt sit. Labore cupidatat ea ea commodo eu esse ut officia deserunt reprehenderit laboris laboris veniam.\n\nEu consectetur fugiat voluptate anim enim nostrud cupidatat aliqua occaecat proident minim eu voluptate. Ex incididunt magna tempor consequat laboris laborum. Veniam ipsum labore veniam mollit exercitation duis nostrud elit. Irure exercitation labore qui excepteur proident duis. Amet exercitation pariatur et consectetur minim anim irure. Duis occaecat ex occaecat aliquip esse cupidatat tempor non officia adipisicing.",
    "brasserie": "Zerology",
    "nom": "ullamco in minim magna ex"
  },
  {
    "image": "http://lorempixel.com/image_output/abstract-q-c-200-200-5.jpg",
    "description": "Et deserunt enim culpa dolore nostrud. Voluptate velit non velit pariatur in officia do magna cupidatat ullamco. Aute reprehenderit et reprehenderit dolore elit ea ipsum commodo non. In cillum officia proident aute fugiat tempor voluptate eiusmod magna aliqua labore exercitation. Anim officia sunt minim Lorem aliquip do anim pariatur fugiat ad excepteur anim dolore deserunt.\n\nMagna aliquip id Lorem adipisicing ad qui excepteur eu ullamco. Mollit aliqua aliquip exercitation nulla laboris cupidatat nostrud. Sit consequat occaecat proident dolore et est velit nisi ullamco nulla. Ex cillum consequat et cillum est.",
    "brasserie": "Magnafone",
    "nom": "adipisicing quis sunt pariatur labore"
  },
  {
    "image": "http://lorempixel.com/image_output/abstract-q-c-200-200-9.jpg",
    "description": "In minim sunt proident Lorem tempor tempor consectetur dolor exercitation culpa sit. Adipisicing incididunt ea commodo dolore velit ut sint id. Esse dolore occaecat voluptate nulla irure cupidatat pariatur eu Lorem pariatur officia et esse. Cupidatat fugiat ea eiusmod consequat magna reprehenderit.\n\nUt qui esse excepteur commodo nostrud esse incididunt aliquip aute. Officia elit sit voluptate sit mollit ut incididunt. Eiusmod sunt exercitation velit occaecat exercitation duis sit qui magna tempor enim velit.",
    "brasserie": "Vantage",
    "nom": "labore et ad anim cupidatat"
  },
  {
    "image": "http://lorempixel.com/image_output/abstract-q-c-200-200-5.jpg",
    "description": "Id ipsum mollit proident id cupidatat mollit veniam adipisicing laborum. Velit eu sit dolor ut sit anim. Velit consequat aute anim sunt duis nostrud ullamco. Voluptate ut ex ad minim mollit occaecat.\n\nFugiat voluptate enim ut consequat anim adipisicing proident incididunt. Enim ipsum fugiat labore labore eu sit Lorem id magna proident. Nulla magna reprehenderit cillum irure officia mollit mollit ea. Magna sunt commodo labore consequat tempor ut qui in sunt fugiat incididunt in officia. Est elit cillum nostrud officia nostrud.",
    "brasserie": "Macronaut",
    "nom": "dolore cupidatat do cupidatat culpa"
  },
  {
    "image": "http://lorempixel.com/image_output/abstract-q-c-200-200-4.jpg",
    "description": "Nisi sit adipisicing aliqua anim in culpa in duis nulla tempor. Irure dolor cupidatat magna ex quis eiusmod proident veniam quis ex. Eu laboris in exercitation elit excepteur elit anim esse commodo sunt officia do aute laborum. Ad enim laborum labore aute amet et. Aute nostrud reprehenderit consectetur mollit sint id id proident excepteur. Duis dolor Lorem mollit eiusmod eiusmod quis sunt sit non Lorem eu.\n\nEsse et excepteur dolor quis officia sit deserunt eiusmod nisi. Dolor ex esse dolore dolor. Reprehenderit laborum dolore ut excepteur velit excepteur elit in incididunt mollit labore enim eiusmod. Laboris commodo reprehenderit mollit est minim sint Lorem irure in occaecat duis irure ea. Do minim sunt proident ut et proident id Lorem occaecat reprehenderit. Veniam dolore voluptate qui cupidatat irure non do consequat non.",
    "brasserie": "Geoform",
    "nom": "dolore veniam elit non fugiat"
  },
  {
    "image": "http://lorempixel.com/image_output/abstract-q-c-200-200-6.jpg",
    "description": "Sunt Lorem sit dolore voluptate in ipsum aliquip elit est velit mollit et adipisicing. Qui reprehenderit duis nisi ut mollit fugiat. Qui ullamco pariatur deserunt laboris excepteur veniam laborum occaecat cillum excepteur.\n\nConsectetur eu qui veniam non nulla velit incididunt duis aute commodo. Culpa enim cillum qui tempor velit excepteur ipsum culpa fugiat sunt elit sunt quis. Duis laborum laborum occaecat aute consequat aliqua. Ex ipsum eiusmod culpa nostrud aute qui aliqua laboris. Est minim excepteur sit non. Nisi aute sit et pariatur quis sunt nisi aute ad tempor velit qui tempor commodo.",
    "brasserie": "Strozen",
    "nom": "aute deserunt amet anim duis"
  },
  {
    "image": "http://lorempixel.com/image_output/abstract-q-c-200-200-6.jpg",
    "description": "Duis laborum anim dolore dolore deserunt aliquip fugiat aliquip sint id. Laborum esse reprehenderit consequat labore consectetur quis quis nulla qui exercitation. Veniam minim irure minim fugiat do mollit qui dolor aliquip magna veniam. Velit cupidatat eiusmod sunt nostrud sint elit.\n\nOccaecat consectetur est labore est qui velit excepteur fugiat. Esse minim est cupidatat tempor esse velit est reprehenderit incididunt aute voluptate nostrud cillum irure. Tempor cupidatat voluptate quis pariatur adipisicing excepteur reprehenderit fugiat veniam proident. Laborum est nostrud deserunt Lorem in ea minim sit laboris laborum qui aliqua et.",
    "brasserie": "Pyramis",
    "nom": "anim voluptate officia duis mollit"
  },
  {
    "image": "http://lorempixel.com/image_output/abstract-q-c-200-200-6.jpg",
    "description": "Consectetur exercitation dolor dolor id ad voluptate minim ex mollit nulla ipsum non. Quis consequat proident ullamco ex magna sit eu reprehenderit qui id amet ex quis. Dolore exercitation tempor occaecat velit minim cillum enim ad excepteur officia ea tempor. Voluptate irure id commodo adipisicing enim. Laboris laborum sunt proident laboris pariatur anim proident.\n\nExcepteur nostrud est ipsum deserunt non sint velit in deserunt excepteur velit ad ad et. Minim irure voluptate id eu et irure ad minim non deserunt aliquip. Quis est magna aliquip laborum eu voluptate eiusmod minim. Laborum ea nostrud laboris esse ad dolor voluptate. Sint enim ex ut velit tempor ut dolor ipsum id elit consectetur ex nostrud occaecat. Cupidatat ea sunt adipisicing reprehenderit anim occaecat.",
    "brasserie": "Slofast",
    "nom": "do nisi qui aute excepteur"
  },
  {
    "image": "http://lorempixel.com/image_output/abstract-q-c-200-200-6.jpg",
    "description": "Officia sint sunt consequat ex incididunt aute dolore non nisi. Enim adipisicing proident dolore veniam sunt enim eu aliqua qui nisi anim. Anim consequat laboris anim ex eiusmod ipsum ea fugiat adipisicing dolor. Est officia Lorem dolore commodo consequat elit amet ipsum ut voluptate laboris dolore culpa deserunt.\n\nExercitation ad nisi qui aliquip nisi voluptate eu irure. Excepteur culpa quis id fugiat et aliqua do laboris occaecat ea. Laborum adipisicing irure proident laborum est officia eu labore do et est voluptate. Cupidatat Lorem tempor voluptate nostrud nulla irure duis ut in.",
    "brasserie": "Buzzopia",
    "nom": "dolore non esse nisi anim"
  },
  {
    "image": "http://lorempixel.com/image_output/abstract-q-c-200-200-3.jpg",
    "description": "Dolore mollit sunt magna mollit reprehenderit officia. Minim dolore ad voluptate ut nisi aute officia. Nisi esse est culpa consequat nisi esse deserunt sit incididunt. Enim deserunt laboris ullamco pariatur est cillum nostrud nisi cillum laboris. Eiusmod veniam esse magna adipisicing consectetur sit magna incididunt enim. Dolore consectetur quis ut nulla Lorem consectetur et in ad ex voluptate excepteur mollit. Et labore velit mollit minim deserunt adipisicing sit officia id pariatur.\n\nAnim minim laborum ullamco dolore labore. Nulla ullamco velit labore culpa. Cillum consectetur cupidatat elit exercitation.",
    "brasserie": "Kaggle",
    "nom": "velit magna nostrud est aliqua"
  },
  {
    "image": "http://lorempixel.com/image_output/abstract-q-c-200-200-4.jpg",
    "description": "Exercitation est ex ad deserunt duis reprehenderit esse cillum amet cupidatat aliqua. Exercitation ut aliqua aute laboris ad consequat velit exercitation Lorem voluptate culpa commodo. Occaecat sint reprehenderit minim irure laborum. In nulla in duis non nostrud amet ea. Reprehenderit tempor adipisicing velit aliquip fugiat tempor tempor anim. Cillum ad ad non exercitation pariatur eu consequat sint adipisicing pariatur eiusmod.\n\nDolor Lorem fugiat aute ut occaecat pariatur. Proident ex tempor excepteur magna dolore non pariatur adipisicing deserunt et labore esse. Id ullamco in nulla occaecat. Commodo irure incididunt officia cillum voluptate ex commodo laborum adipisicing. Enim ad qui aliqua cillum consequat adipisicing in ea. Do culpa nulla eiusmod reprehenderit duis eiusmod sint nulla dolore mollit amet consectetur deserunt.",
    "brasserie": "Exoplode",
    "nom": "mollit nulla excepteur elit esse"
  },
  {
    "image": "http://lorempixel.com/image_output/abstract-q-c-200-200-1.jpg",
    "description": "Incididunt in cillum pariatur nisi labore et excepteur ipsum commodo. Adipisicing deserunt tempor do adipisicing anim reprehenderit in exercitation velit et eu pariatur ex. Sint enim nisi mollit enim esse. Occaecat ex ad labore nulla do. Ut consequat do nulla velit esse. Occaecat laborum quis occaecat dolore tempor enim aliqua.\n\nProident irure commodo reprehenderit in. Officia commodo irure Lorem in velit consequat aliquip. Cillum in qui cillum non. Reprehenderit quis elit anim in enim sunt officia nostrud commodo officia et elit.",
    "brasserie": "Zillidium",
    "nom": "qui laborum proident non dolor"
  },
  {
    "image": "http://lorempixel.com/image_output/abstract-q-c-200-200-7.jpg",
    "description": "Et eu quis sunt eiusmod culpa fugiat dolor tempor proident ea aliquip qui voluptate excepteur. Enim fugiat cupidatat nostrud occaecat elit. Ipsum et incididunt cupidatat aute quis eu et minim amet sit. Duis proident aliquip consectetur pariatur proident ea. Ipsum irure amet sunt consequat labore in aliqua irure do in velit. Sunt anim deserunt aute duis. Ad dolor fugiat dolore nostrud cillum occaecat ad.\n\nDeserunt ea enim Lorem nisi aute tempor. Veniam magna ea id nisi adipisicing tempor sunt aliquip. Voluptate sint et nostrud Lorem sint amet deserunt. Ipsum ea ea fugiat voluptate elit et duis excepteur exercitation minim. Ullamco excepteur ut aute ut eu qui proident sint velit sunt ad duis. Non pariatur commodo cupidatat nisi nostrud velit Lorem et minim do dolore reprehenderit.",
    "brasserie": "Evidends",
    "nom": "incididunt consequat consequat fugiat cupidatat"
  },
  {
    "image": "http://lorempixel.com/image_output/abstract-q-c-200-200-7.jpg",
    "description": "Ad aliquip excepteur nostrud dolore cupidatat occaecat. Deserunt id ut ipsum dolor consectetur ut aliquip ipsum et id reprehenderit. Excepteur Lorem pariatur Lorem ex irure commodo consectetur esse aute nostrud pariatur ipsum laborum excepteur.\n\nPariatur esse amet sunt commodo voluptate. Labore velit quis aliquip dolor labore. Veniam velit aliquip aliqua enim magna ea consectetur.",
    "brasserie": "Asimiline",
    "nom": "duis ad nisi proident magna"
  },
  {
    "image": "http://lorempixel.com/image_output/abstract-q-c-200-200-1.jpg",
    "description": "Quis labore cupidatat deserunt dolore ipsum. Et eu mollit adipisicing consequat voluptate in cillum id in. In sunt eiusmod amet aliquip et.\n\nEiusmod proident do est duis esse id do. Nisi excepteur magna nulla proident qui esse est aliqua tempor excepteur labore. Ullamco esse enim cillum aliquip culpa nulla duis Lorem ut do in. Sit commodo excepteur consequat reprehenderit qui magna dolor id. Magna consequat ea do in nulla dolor ipsum ut nulla. Consequat consectetur labore consequat dolor fugiat ipsum. Amet cillum sit reprehenderit fugiat.",
    "brasserie": "Earthpure",
    "nom": "ea amet sit consequat irure"
  },
  {
    "image": "http://lorempixel.com/image_output/abstract-q-c-200-200-4.jpg",
    "description": "Incididunt sunt nulla commodo laborum pariatur nostrud minim veniam eiusmod. Sint voluptate adipisicing ut cillum eiusmod sunt commodo sit aliquip irure duis ut amet occaecat. Cillum sint ea dolor et ad consequat consectetur. Ipsum aliquip elit adipisicing sint pariatur sit aliquip adipisicing nisi officia voluptate minim minim. Reprehenderit amet non id deserunt excepteur adipisicing elit minim amet veniam cillum duis Lorem. Aliquip culpa qui irure non. Exercitation duis laboris non ea in irure magna dolore adipisicing qui adipisicing nostrud.\n\nDolore id labore et laborum culpa laboris. Dolore excepteur ex irure adipisicing voluptate veniam reprehenderit officia irure consequat. Pariatur adipisicing duis consequat ullamco irure cupidatat. Esse id ex aliquip anim fugiat magna quis culpa laborum culpa quis aute eiusmod. Et labore fugiat non labore cupidatat ullamco ea cillum reprehenderit aute. Dolore ut pariatur esse dolor fugiat nisi duis excepteur occaecat. Laborum minim non proident est consectetur mollit nostrud qui reprehenderit in eu amet ea esse.",
    "brasserie": "Confrenzy",
    "nom": "excepteur irure culpa proident tempor"
  },
  {
    "image": "http://lorempixel.com/image_output/abstract-q-c-200-200-7.jpg",
    "description": "Ad enim sunt proident fugiat est nostrud ullamco occaecat nulla. Ullamco sit velit duis mollit aliqua velit laboris reprehenderit eu occaecat sint eiusmod ipsum. Sit sit consequat occaecat ut esse in consectetur eiusmod sint exercitation ut nulla anim cupidatat. Aute laboris ea qui aute irure magna tempor. Laboris fugiat enim ipsum et commodo nisi labore ad non. Eu aliquip ea magna irure nostrud ut. Dolor veniam pariatur Lorem ut.\n\nOfficia fugiat id adipisicing veniam culpa ea veniam nisi labore sunt voluptate. Ipsum elit irure exercitation magna minim. Enim mollit id enim dolore non minim irure nostrud id adipisicing et irure. Ipsum tempor culpa duis proident minim sunt dolore anim officia duis do duis ad.",
    "brasserie": "Gynko",
    "nom": "mollit excepteur nisi labore veniam"
  },
  {
    "image": "http://lorempixel.com/image_output/abstract-q-c-200-200-9.jpg",
    "description": "Consectetur Lorem aliquip aliqua cupidatat. Aute duis fugiat magna tempor laboris incididunt reprehenderit et incididunt sit minim cupidatat. Dolor id esse aliquip labore proident ullamco. Deserunt quis veniam consequat in velit deserunt consectetur sint adipisicing minim irure commodo. Laboris laborum ex nisi anim excepteur dolor ipsum. Eiusmod ex ullamco occaecat ullamco id veniam ullamco culpa occaecat sint in ullamco.\n\nEu fugiat Lorem incididunt commodo irure dolore ipsum ullamco. Irure culpa nulla cupidatat non nostrud dolore proident laboris consequat et. Ex tempor fugiat aute culpa aute irure laboris tempor culpa ullamco ipsum dolore.",
    "brasserie": "Shadease",
    "nom": "ea dolore aliqua ex sit"
  },
  {
    "image": "http://lorempixel.com/image_output/abstract-q-c-200-200-7.jpg",
    "description": "Eu nulla commodo culpa consectetur laborum qui. Sit dolor voluptate occaecat aliquip ut elit est nostrud id culpa ut ea ipsum. Eiusmod incididunt in mollit exercitation velit.\n\nUt aute nulla ad anim labore excepteur ut eu. Labore et velit occaecat tempor fugiat velit sint. Dolore labore esse ullamco ad. Excepteur anim sint est voluptate occaecat eu nisi velit ea magna fugiat.",
    "brasserie": "Maxemia",
    "nom": "esse cupidatat duis dolor labore"
  },
  {
    "image": "http://lorempixel.com/image_output/abstract-q-c-200-200-8.jpg",
    "description": "Nostrud mollit sunt dolor ipsum fugiat nulla ea ea et deserunt. Commodo consectetur magna aliquip magna nulla. Sint sit reprehenderit do sit laboris Lorem aliquip pariatur dolore. Tempor sunt dolor pariatur dolore nostrud magna dolor labore pariatur enim ipsum sit velit amet. Anim adipisicing esse sit ex qui ea cupidatat commodo irure officia sit. Sunt dolor ea minim nostrud laboris proident dolore. Amet sit eu ullamco voluptate labore fugiat irure sunt magna aute minim ut velit.\n\nAute cillum aliqua fugiat nostrud consectetur proident consequat dolor et exercitation aliqua. Nisi quis aute enim ullamco. Magna adipisicing id quis nostrud ea consequat ex nostrud cupidatat dolor ut officia fugiat. Cillum pariatur consectetur voluptate est quis anim Lorem sunt incididunt. Ex sit tempor esse aliquip exercitation sint id ullamco consectetur laborum tempor. Occaecat cupidatat consequat ex ea eiusmod minim eu incididunt veniam officia amet. Proident id officia magna cillum do eu et veniam sint proident minim reprehenderit in.",
    "brasserie": "Ecraze",
    "nom": "do excepteur esse consequat commodo"
  },
  {
    "image": "http://lorempixel.com/image_output/abstract-q-c-200-200-9.jpg",
    "description": "Do dolor exercitation ipsum labore dolore pariatur sint magna occaecat. Qui anim ullamco velit commodo ex qui quis proident non tempor Lorem. Lorem veniam voluptate aute pariatur adipisicing ad fugiat.\n\nCommodo sint aute aliqua aliqua irure id magna occaecat proident. Cupidatat sint qui pariatur pariatur irure qui sunt laboris laborum elit anim et. Consectetur exercitation sint pariatur irure et ut ea officia velit officia ex.",
    "brasserie": "Kiosk",
    "nom": "ad veniam officia pariatur incididunt"
  },
  {
    "image": "http://lorempixel.com/image_output/abstract-q-c-200-200-2.jpg",
    "description": "Adipisicing fugiat consequat consectetur consectetur officia aliquip cupidatat Lorem. Irure sint nulla veniam qui sint reprehenderit proident officia laboris. Est ipsum elit consequat Lorem ad exercitation anim sint adipisicing labore. Amet do nisi sit veniam nulla dolore eiusmod nisi ad aliquip laboris laborum velit incididunt.\n\nNisi velit nisi ullamco duis velit excepteur minim id aute culpa laboris proident. Anim commodo ad eiusmod enim deserunt quis qui fugiat reprehenderit aliqua enim. Commodo aliqua ex excepteur proident adipisicing amet ipsum exercitation consectetur. Deserunt consequat cupidatat est sint irure. Anim aliqua tempor veniam aliquip duis elit magna quis consequat. Cillum elit sit sunt ut. Tempor laboris tempor duis elit voluptate deserunt in fugiat quis ullamco cupidatat elit.",
    "brasserie": "Lotron",
    "nom": "proident occaecat elit et aliquip"
  },
  {
    "image": "http://lorempixel.com/image_output/abstract-q-c-200-200-3.jpg",
    "description": "In laboris veniam pariatur qui in nisi adipisicing dolor irure aliquip do in eu. Ad aute reprehenderit magna minim in reprehenderit in sit exercitation aliqua. Qui velit aliqua eu do ut voluptate dolore duis. Deserunt aute minim sunt laboris. Mollit veniam sint cillum id mollit tempor aute aliquip quis mollit eu id.\n\nCommodo enim reprehenderit pariatur magna deserunt fugiat esse enim duis. Proident cupidatat ea cupidatat anim exercitation magna esse quis adipisicing. Sint velit fugiat dolor ea ex cupidatat mollit eiusmod commodo occaecat ea. Nulla pariatur pariatur in dolor ea cillum deserunt deserunt cillum incididunt.",
    "brasserie": "Acruex",
    "nom": "reprehenderit veniam incididunt occaecat et"
  },
  {
    "image": "http://lorempixel.com/image_output/abstract-q-c-200-200-8.jpg",
    "description": "Est ut officia occaecat amet nisi aliquip deserunt ipsum tempor adipisicing laboris nulla incididunt. Ut aute velit nulla ipsum incididunt laboris irure nulla ad. Sint enim ut tempor nostrud. Proident culpa laboris adipisicing do consequat ullamco consequat proident adipisicing Lorem occaecat elit velit. Minim eiusmod veniam nisi exercitation sunt adipisicing in. Velit duis ea ex sit ad consectetur cupidatat sint incididunt.\n\nSint laborum eiusmod duis laboris id laborum pariatur aliqua aute non ullamco. Do proident laboris aliqua ea fugiat voluptate eu officia velit. Labore veniam incididunt labore eiusmod amet sunt enim mollit amet. Cillum commodo ullamco consequat elit nulla. Laboris sunt exercitation sint eiusmod aliqua veniam aliquip duis sint. Amet ex est ut excepteur elit laboris exercitation velit aliquip exercitation.",
    "brasserie": "Codact",
    "nom": "eiusmod aliquip reprehenderit non quis"
  },
  {
    "image": "http://lorempixel.com/image_output/abstract-q-c-200-200-3.jpg",
    "description": "Duis reprehenderit veniam magna ut nostrud ea occaecat ullamco Lorem. Lorem anim nulla sit reprehenderit in ad veniam dolor tempor tempor laborum anim laboris enim. Consectetur amet culpa laboris qui dolore voluptate commodo duis aliqua aute. Excepteur ex irure laboris elit duis ullamco laboris minim.\n\nConsectetur duis reprehenderit et et nostrud id fugiat sit nostrud deserunt eiusmod nisi magna. Laboris commodo proident cupidatat non dolor ex aliquip eiusmod. Non eu anim Lorem excepteur nisi esse do veniam excepteur. Sint cillum duis ipsum officia.",
    "brasserie": "Tsunamia",
    "nom": "id esse excepteur mollit fugiat"
  },
  {
    "image": "http://lorempixel.com/image_output/abstract-q-c-200-200-7.jpg",
    "description": "Voluptate exercitation ipsum reprehenderit tempor laborum. Ullamco nulla dolor veniam et ea. Tempor labore ipsum anim cillum pariatur laborum nisi quis ad veniam et minim aliqua. Eu qui deserunt minim dolore mollit quis laboris elit quis esse. Sit nulla reprehenderit culpa est anim aute eiusmod. Esse culpa deserunt dolor laboris incididunt ipsum sunt non ullamco sit voluptate.\n\nExercitation cillum mollit Lorem ea reprehenderit aliqua duis ut. Sint veniam nisi duis reprehenderit ex veniam voluptate duis duis enim dolore. Fugiat eiusmod nostrud nulla ut aute non consectetur. Officia aliqua incididunt exercitation et et.",
    "brasserie": "Biohab",
    "nom": "eiusmod non culpa ex ea"
  },
  {
    "image": "http://lorempixel.com/image_output/abstract-q-c-200-200-4.jpg",
    "description": "Consectetur ea voluptate officia dolore nostrud esse fugiat. Do incididunt enim aliqua elit. Ea laborum nostrud mollit cupidatat id duis et et nulla incididunt pariatur reprehenderit. Lorem sint sint dolor eu sint ea ex ea dolore anim do dolore quis. Minim consectetur id nisi ullamco dolore. Duis amet incididunt ullamco minim labore. Cillum et irure Lorem enim excepteur anim et ut aliquip labore veniam.\n\nEt in sunt ex ullamco ullamco. Magna pariatur incididunt eiusmod laborum. Enim aute cillum amet esse voluptate amet nostrud cupidatat esse ut ea. Magna ipsum aute anim reprehenderit est esse. Exercitation adipisicing aliqua officia deserunt. Enim eu velit quis incididunt consequat aliquip Lorem excepteur magna. Minim dolor nostrud do eiusmod laboris proident occaecat anim.",
    "brasserie": "Helixo",
    "nom": "irure incididunt qui qui nulla"
  },
  {
    "image": "http://lorempixel.com/image_output/abstract-q-c-200-200-8.jpg",
    "description": "Tempor ullamco dolore ex labore do tempor ipsum dolor laborum et duis reprehenderit commodo. Officia eu laboris incididunt do qui consectetur ut in culpa eu. Ut nulla laboris ullamco laborum reprehenderit et. Irure amet non voluptate sint quis proident. Excepteur deserunt nostrud cupidatat culpa reprehenderit ipsum id aliqua enim dolore. Exercitation velit exercitation labore fugiat fugiat culpa reprehenderit et.\n\nCupidatat proident commodo proident officia. Id pariatur aliqua fugiat dolor ex et ut deserunt minim. Cillum ut veniam duis mollit pariatur veniam est commodo. Laboris ut velit exercitation velit mollit fugiat labore commodo voluptate nisi. Ipsum cupidatat aliqua deserunt deserunt consequat laborum Lorem. Amet veniam eiusmod nulla et eiusmod esse qui veniam amet aliqua do in nisi minim.",
    "brasserie": "Zorromop",
    "nom": "nisi quis tempor laborum pariatur"
  },
  {
    "image": "http://lorempixel.com/image_output/abstract-q-c-200-200-1.jpg",
    "description": "Duis cillum dolor commodo eiusmod Lorem pariatur ea nulla anim nostrud veniam pariatur. Sit velit cillum excepteur nisi. Ex anim magna culpa nisi eiusmod labore ad quis mollit do aliquip deserunt adipisicing. Dolore enim duis do sit quis consequat dolor cillum aute pariatur. Occaecat veniam dolore quis exercitation. Consectetur proident cupidatat labore ullamco labore cupidatat id.\n\nCillum est sit eiusmod voluptate occaecat. Elit cillum tempor aute reprehenderit velit sit laboris exercitation aute. Labore non aliqua qui reprehenderit dolor laboris culpa. Amet cillum reprehenderit proident aliquip labore ullamco tempor reprehenderit aute non pariatur anim aliqua. Velit excepteur mollit magna sunt enim nostrud deserunt pariatur mollit. Lorem duis ea deserunt deserunt ea ea duis dolore nulla ut. Veniam consectetur et adipisicing enim exercitation ea do nulla anim enim nisi non labore laboris.",
    "brasserie": "Zentia",
    "nom": "proident mollit voluptate ipsum sunt"
  },
  {
    "image": "http://lorempixel.com/image_output/abstract-q-c-200-200-3.jpg",
    "description": "Id dolore nisi ad qui proident. Aliquip non tempor officia commodo ullamco non ut proident nostrud magna. Ullamco qui non qui cupidatat. Ex ea non est sint laborum proident ut.\n\nUllamco voluptate culpa veniam veniam officia veniam incididunt non ipsum. Magna eu sit ut duis ad reprehenderit fugiat magna consectetur id minim sunt sint. Dolore sint nulla dolor ex ea nisi occaecat. Mollit do enim id nostrud nostrud id Lorem qui anim. Exercitation quis minim in non est aliqua cupidatat consectetur proident. Laboris mollit mollit et non amet in minim tempor proident nulla aute ullamco enim aliquip. Ea sunt ipsum mollit laboris.",
    "brasserie": "Zoxy",
    "nom": "deserunt culpa nulla adipisicing ex"
  },
  {
    "image": "http://lorempixel.com/image_output/abstract-q-c-200-200-5.jpg",
    "description": "Excepteur fugiat non culpa culpa do. Nulla irure irure laborum ullamco in exercitation tempor est consequat dolore. Est aliqua occaecat laboris in veniam irure magna dolore enim. Commodo in minim amet minim enim.\n\nDuis quis cillum aliquip amet proident esse elit adipisicing dolore minim excepteur cillum aliquip. Est esse laboris exercitation ad tempor sit laborum eiusmod incididunt eiusmod deserunt aliquip. Excepteur ut laboris consectetur in irure Lorem aute adipisicing nostrud fugiat laborum nulla et occaecat. Cupidatat amet reprehenderit amet amet minim. Ut deserunt consectetur sit do in dolor culpa elit ut magna minim elit nisi eiusmod.",
    "brasserie": "Exovent",
    "nom": "ea ea ad quis incididunt"
  },
  {
    "image": "http://lorempixel.com/image_output/abstract-q-c-200-200-8.jpg",
    "description": "Nisi pariatur ea duis qui nulla proident excepteur nostrud. Ullamco enim dolore excepteur ea dolor commodo est. Lorem sunt tempor magna adipisicing occaecat nisi magna.\n\nAliqua exercitation ullamco anim esse ut aliquip non enim duis est labore commodo. Velit irure incididunt cupidatat nostrud id velit quis nisi irure quis commodo non et. Anim et ut adipisicing enim excepteur commodo amet dolore tempor minim magna laborum commodo.",
    "brasserie": "Bleeko",
    "nom": "ut excepteur cupidatat pariatur enim"
  },
  {
    "image": "http://lorempixel.com/image_output/abstract-q-c-200-200-2.jpg",
    "description": "Proident aute ad ea veniam aute. Eiusmod eiusmod anim esse sint ex duis proident pariatur nostrud esse. Et qui ad amet sint magna id.\n\nDolor cupidatat excepteur aliqua laboris aliquip laboris duis id dolore. Culpa aute consectetur mollit non magna voluptate Lorem veniam elit qui reprehenderit. Ad eiusmod aliqua enim pariatur occaecat ea. Reprehenderit amet tempor anim qui deserunt et non ut esse do laborum elit. Officia Lorem labore non excepteur reprehenderit excepteur laboris nostrud adipisicing amet. Nulla consequat labore cupidatat non amet id ad eiusmod mollit adipisicing enim.",
    "brasserie": "Phuel",
    "nom": "ipsum dolore minim labore aliquip"
  },
  {
    "image": "http://lorempixel.com/image_output/abstract-q-c-200-200-7.jpg",
    "description": "In labore et enim consequat qui do. Enim anim ullamco anim quis anim aliqua aliquip laboris. Lorem occaecat pariatur anim minim est cillum nulla eu.\n\nLaborum anim velit aliqua dolore velit amet veniam fugiat. Ullamco tempor ut dolor exercitation nulla laboris. Cillum nisi sit labore culpa est non exercitation. Reprehenderit ipsum esse dolor voluptate pariatur proident ad eu consequat tempor ea aute. Consectetur velit nulla proident exercitation. Aliqua commodo sunt qui duis id minim occaecat qui ex aute pariatur adipisicing adipisicing minim.",
    "brasserie": "Musanpoly",
    "nom": "ut amet non dolore nostrud"
  },
  {
    "image": "http://lorempixel.com/image_output/abstract-q-c-200-200-4.jpg",
    "description": "Deserunt incididunt sunt velit cupidatat. Ex dolore proident aliquip et irure elit labore id pariatur. Irure anim proident duis id et est. Deserunt labore exercitation proident quis cupidatat eu consectetur ullamco officia excepteur officia est.\n\nCupidatat mollit exercitation excepteur culpa consequat ad non elit nostrud veniam esse in ullamco. Commodo minim consequat voluptate eu exercitation aliquip veniam. Occaecat consequat mollit magna dolor dolore qui quis esse sint consequat. Cillum magna irure in excepteur minim dolore proident fugiat velit ea labore culpa aliquip eu. Irure duis Lorem voluptate duis elit ea aliquip dolor ad.",
    "brasserie": "Intrawear",
    "nom": "ea exercitation et esse ipsum"
  },
  {
    "image": "http://lorempixel.com/image_output/abstract-q-c-200-200-2.jpg",
    "description": "Lorem id culpa qui cupidatat id. Dolor aliqua irure laboris laborum anim aliqua esse magna. Dolore et veniam id est magna tempor in incididunt amet consectetur cupidatat eu laboris. Labore et sint magna ad dolor incididunt ullamco sit minim magna nisi laboris labore in. Cillum minim laboris dolor officia aute exercitation consequat nulla culpa labore do. Incididunt laborum velit amet commodo et non id occaecat adipisicing culpa pariatur.\n\nDolor esse eu laboris Lorem et elit aliquip adipisicing in ut. In minim quis nisi irure nostrud esse aliqua incididunt. Veniam nisi deserunt nisi eu esse aliqua officia deserunt labore quis consectetur esse reprehenderit minim.",
    "brasserie": "Combogen",
    "nom": "tempor incididunt veniam cupidatat sit"
  },
  {
    "image": "http://lorempixel.com/image_output/abstract-q-c-200-200-5.jpg",
    "description": "Proident amet ad sit magna id dolor minim incididunt ipsum eu eu ullamco. Aliquip nostrud laboris et esse anim reprehenderit qui anim. Ea ad irure cupidatat amet mollit velit aliquip ad. Non mollit esse do et irure excepteur occaecat excepteur magna ex. Sit in proident esse mollit commodo eiusmod elit qui laboris aliqua quis.\n\nUt deserunt ipsum ex ut. Laborum ex ea aliquip nisi. Reprehenderit nisi aliqua dolore nulla occaecat labore reprehenderit deserunt proident non voluptate adipisicing. Eiusmod nulla duis consectetur voluptate fugiat ad sint officia proident aliqua in do ex Lorem. Eu incididunt enim exercitation minim. Ex id incididunt officia culpa aliquip proident anim ex velit tempor non proident dolore in.",
    "brasserie": "Shopabout",
    "nom": "nisi pariatur duis aute amet"
  },
  {
    "image": "http://lorempixel.com/image_output/abstract-q-c-200-200-7.jpg",
    "description": "Occaecat aliqua occaecat esse cillum id ut sint velit. Nulla officia in dolor magna culpa duis aliquip sunt labore aliqua laborum. Tempor quis qui sint aliqua incididunt culpa aliquip est laborum magna laborum id Lorem. Deserunt eiusmod sunt sunt labore nostrud. Incididunt eu deserunt nulla sit incididunt.\n\nAd irure aute do ut aliquip officia cillum. Ullamco sit ullamco non excepteur sint laboris. Culpa nulla enim minim est ipsum officia esse. Aliquip velit ex cupidatat cillum ullamco nulla amet.",
    "brasserie": "Vurbo",
    "nom": "veniam quis ullamco reprehenderit eu"
  }
]