[
  {
    "commentaire": "Nulla do occaecat tempor proident sunt in officia ea laboris reprehenderit nulla tempor deserunt. Amet amet dolor nulla laboris reprehenderit cupidatat mollit reprehenderit eu cillum Lorem labore pariatur fugiat. Do incididunt laboris deserunt id irure culpa nulla enim mollit velit culpa occaecat magna."
  },
  {
    "commentaire": "Laborum qui commodo ea enim enim excepteur voluptate velit quis ullamco. Deserunt amet esse deserunt ex. Ea sunt elit nulla Lorem amet incididunt ipsum aute."
  },
  {
    "commentaire": "In magna aliqua tempor deserunt excepteur ea nisi. Esse Lorem ipsum eu consectetur cillum nisi esse ex commodo ad anim. Ut aliquip culpa dolore anim qui sint officia Lorem labore qui est eu commodo occaecat."
  },
  {
    "commentaire": "Tempor fugiat quis labore ullamco. Excepteur nisi commodo eu sit laboris in consectetur. Ipsum enim culpa occaecat tempor ea reprehenderit ad ipsum."
  },
  {
    "commentaire": "Enim culpa Lorem velit irure laborum pariatur velit sint irure. In qui ut sunt sit non do. Irure cupidatat consequat proident ea qui eiusmod deserunt velit sit."
  },
  {
    "commentaire": "Aliqua irure sint quis ipsum voluptate. Occaecat ullamco quis culpa nulla. Qui deserunt irure Lorem reprehenderit ea aute ex deserunt esse."
  },
  {
    "commentaire": "Consectetur et non officia laborum labore Lorem proident ex qui. Exercitation voluptate irure qui et aliquip sunt irure incididunt veniam aliquip. Laboris proident esse Lorem excepteur veniam Lorem ad eiusmod in ex."
  },
  {
    "commentaire": "Deserunt enim ipsum eu nostrud aliqua aliqua pariatur exercitation irure. Consequat consectetur non eu eu consequat Lorem tempor. Adipisicing aliquip esse velit et non."
  },
  {
    "commentaire": "Id exercitation ea laborum pariatur. Et ipsum officia occaecat reprehenderit. Aute ipsum enim et non nisi."
  },
  {
    "commentaire": "Cupidatat occaecat reprehenderit elit reprehenderit irure ipsum irure anim officia et enim. Voluptate officia amet amet pariatur voluptate eu deserunt cillum proident dolore. Nisi ex incididunt elit Lorem cupidatat duis."
  },
  {
    "commentaire": "Magna est aliqua eiusmod incididunt nostrud nulla non adipisicing. Ut eu do veniam irure labore anim quis anim ea nostrud. Nostrud amet ex deserunt duis reprehenderit aliquip."
  },
  {
    "commentaire": "Reprehenderit occaecat irure irure excepteur. Mollit elit anim ex irure adipisicing amet labore cupidatat aliquip dolore quis consectetur ut cupidatat. Excepteur dolor labore duis in ad cupidatat occaecat sint eiusmod pariatur aliquip esse incididunt."
  },
  {
    "commentaire": "Minim ipsum laborum proident ex. Minim Lorem veniam sunt culpa proident nisi excepteur aliqua aliqua elit ex. Fugiat ex id exercitation aute ut cupidatat enim deserunt duis ut reprehenderit mollit ad."
  },
  {
    "commentaire": "Commodo commodo deserunt non exercitation officia do nostrud do irure excepteur in. Nulla duis in dolore aliquip irure nulla. Exercitation dolore elit ex laborum adipisicing reprehenderit consectetur ullamco deserunt amet Lorem."
  },
  {
    "commentaire": "Sunt irure consequat excepteur nulla. Aliqua dolor tempor dolore excepteur occaecat laboris nostrud aliqua consectetur veniam nisi qui. Mollit incididunt non quis occaecat nostrud eiusmod tempor cillum dolore aliqua."
  },
  {
    "commentaire": "Officia elit officia excepteur commodo dolor mollit cupidatat labore. Voluptate enim ea proident non. Aute sint exercitation laboris reprehenderit commodo non officia."
  },
  {
    "commentaire": "Est minim cillum ut tempor duis labore. Nostrud sunt culpa velit occaecat consequat tempor esse esse. Elit ex ex minim in veniam amet."
  },
  {
    "commentaire": "Sunt elit quis veniam ea pariatur eu pariatur est exercitation enim excepteur. Minim proident pariatur occaecat ad consequat sunt adipisicing occaecat in fugiat adipisicing cupidatat dolor anim. Pariatur cillum consequat reprehenderit consectetur ex."
  },
  {
    "commentaire": "Ea mollit ipsum excepteur fugiat ad non est ea deserunt mollit consequat esse nulla. Non ipsum qui eiusmod mollit veniam ut. Nostrud culpa ex cillum consequat incididunt sunt."
  },
  {
    "commentaire": "Anim do occaecat nulla aliquip. Dolore qui esse velit ut est excepteur et consectetur excepteur. Amet officia occaecat non voluptate nulla ea consectetur irure tempor."
  },
  {
    "commentaire": "Ut veniam velit nisi culpa irure labore. Labore irure consequat eu Lorem irure irure ex anim esse exercitation dolor dolore id officia. Tempor cupidatat ea ad enim eu exercitation nostrud proident."
  },
  {
    "commentaire": "Voluptate cillum magna ad nisi. Sit irure ipsum officia in duis do consectetur ad exercitation minim. Et voluptate laborum tempor nulla aliqua aliqua in."
  },
  {
    "commentaire": "Ipsum laboris anim exercitation dolor. Commodo anim ea nulla Lorem proident. Esse ad est veniam esse aliqua id officia occaecat proident fugiat do sit adipisicing culpa."
  },
  {
    "commentaire": "Incididunt proident dolore adipisicing est nisi. Adipisicing ex elit culpa laboris pariatur enim tempor et nisi magna eu. Est eiusmod Lorem culpa nisi officia."
  },
  {
    "commentaire": "Voluptate sunt fugiat in eu quis minim ex officia tempor anim amet incididunt ipsum. Nostrud est officia non anim aliquip commodo reprehenderit aliqua laborum consequat. Pariatur tempor nulla in labore aliqua irure anim cillum nisi Lorem est."
  },
  {
    "commentaire": "Elit dolore consequat veniam velit elit in ullamco non commodo. Aliquip excepteur sint proident exercitation ut laborum eiusmod minim laboris amet aute proident. Consectetur cupidatat occaecat sint veniam id et."
  },
  {
    "commentaire": "Dolor nulla fugiat nostrud culpa ea sunt anim nostrud tempor. Eiusmod est exercitation proident qui ut nulla tempor culpa deserunt laborum adipisicing aliquip. Excepteur minim ex do occaecat irure deserunt do excepteur magna magna."
  },
  {
    "commentaire": "Pariatur sit aliquip tempor commodo ad dolor laboris excepteur nostrud sunt adipisicing aliquip eu quis. Sit sit dolore ipsum sint occaecat Lorem laboris minim fugiat qui aliquip sit exercitation. Eiusmod est consectetur ipsum ipsum nostrud nisi reprehenderit id tempor irure nisi voluptate."
  },
  {
    "commentaire": "Sint deserunt culpa id dolor fugiat irure et culpa cillum qui anim sint eiusmod. Deserunt incididunt ut et ea elit ea labore sint. Ut excepteur incididunt enim Lorem officia ut."
  },
  {
    "commentaire": "Sint quis occaecat ea adipisicing elit duis nostrud quis culpa non proident. Ipsum Lorem ullamco sint Lorem pariatur qui commodo. Labore ex officia cupidatat sit est deserunt proident excepteur officia culpa ad."
  },
  {
    "commentaire": "Tempor commodo sit ex dolore culpa labore ea. Qui consequat consectetur sunt cillum fugiat irure sunt aute et proident proident eiusmod elit eiusmod. Magna deserunt et sit consectetur tempor aute elit sunt anim id ea tempor deserunt proident."
  },
  {
    "commentaire": "Consectetur ullamco non laboris exercitation officia veniam consequat. Veniam exercitation nisi nulla quis laboris aliquip sunt consequat ullamco cillum est magna. Sunt Lorem non in eu excepteur tempor."
  },
  {
    "commentaire": "Aliquip mollit est quis officia voluptate cupidatat reprehenderit exercitation aliqua ullamco. Velit adipisicing laboris elit quis consectetur labore Lorem tempor. Velit nostrud esse officia magna nisi mollit nisi aliqua."
  },
  {
    "commentaire": "Anim ad cillum in cillum cupidatat dolor excepteur excepteur incididunt eiusmod commodo veniam est. Deserunt eiusmod sunt tempor elit aliquip esse aute deserunt adipisicing quis qui anim in. Aute magna excepteur esse deserunt labore proident occaecat ullamco qui anim."
  },
  {
    "commentaire": "Id voluptate culpa do ipsum mollit cupidatat fugiat reprehenderit id nostrud proident cupidatat. Voluptate sit exercitation labore nostrud. Occaecat proident nisi esse incididunt sit."
  },
  {
    "commentaire": "Et pariatur veniam aliquip pariatur culpa aliquip laborum veniam esse. Cupidatat adipisicing ullamco irure adipisicing id eu excepteur velit dolore est amet amet ex eu. Laboris nulla officia proident consequat voluptate in qui tempor aliqua ea magna irure."
  },
  {
    "commentaire": "Consectetur mollit velit ipsum aute. Consectetur fugiat anim anim do cupidatat velit. Eiusmod nulla laborum minim consequat eiusmod elit laborum qui aute ex ullamco."
  },
  {
    "commentaire": "Esse tempor tempor proident consequat velit adipisicing mollit nisi esse. Dolor veniam occaecat velit sit consequat aute quis. Occaecat incididunt commodo ea anim id commodo est voluptate."
  },
  {
    "commentaire": "Eu anim cupidatat excepteur mollit sunt irure nulla velit proident in consectetur. Quis aliqua commodo amet ipsum veniam occaecat excepteur. Elit excepteur ex mollit veniam excepteur."
  },
  {
    "commentaire": "Fugiat id eu quis laboris sunt duis. Voluptate sunt aliquip duis exercitation aliquip officia culpa esse in laborum minim. Aute duis ullamco mollit laboris proident incididunt culpa esse."
  },
  {
    "commentaire": "Officia sit sint dolore aliqua ad aute cupidatat aliquip qui duis nostrud laborum fugiat. Anim consequat duis deserunt quis qui magna qui ullamco adipisicing nisi tempor dolor velit aute. Voluptate pariatur labore nisi eiusmod labore est."
  },
  {
    "commentaire": "Sunt officia fugiat nostrud aliqua magna tempor. Nostrud proident sunt sit sint consectetur ex dolor sit culpa. Esse est aute qui esse."
  },
  {
    "commentaire": "Labore laboris cillum ipsum incididunt enim eiusmod ut cupidatat ut amet sint fugiat dolore. Do id ea fugiat enim elit proident est amet ut. Pariatur reprehenderit est pariatur ullamco reprehenderit est laborum do esse sit quis anim."
  },
  {
    "commentaire": "Aliquip aliquip officia aliqua qui nisi cillum. Commodo est anim sunt veniam sint laboris consequat est ipsum veniam officia. Eiusmod enim laborum velit cillum commodo."
  },
  {
    "commentaire": "Cupidatat eiusmod fugiat id laborum eiusmod proident est adipisicing. Qui aliqua pariatur ex est occaecat anim magna proident. Nisi aute pariatur sunt labore amet consectetur aute velit et laborum excepteur cupidatat."
  },
  {
    "commentaire": "Tempor excepteur ipsum eu adipisicing in aute reprehenderit Lorem. Minim irure labore anim nisi minim officia adipisicing incididunt. Officia do in consequat labore dolore duis sit est dolor officia esse fugiat."
  },
  {
    "commentaire": "Sunt cupidatat velit deserunt occaecat quis Lorem aute non sint fugiat. Ad amet ad est reprehenderit consequat sit culpa tempor culpa. Ex labore do aute ex."
  },
  {
    "commentaire": "Labore anim dolor esse deserunt est laborum Lorem nostrud elit. Aliqua veniam id duis veniam anim adipisicing magna ipsum nisi. Occaecat sit Lorem minim dolore esse sunt."
  },
  {
    "commentaire": "Est qui consequat laboris aliqua magna dolore anim anim anim ex aute. Aliqua quis Lorem quis minim veniam. Elit elit irure consectetur reprehenderit laboris irure irure ut ullamco dolor aliquip."
  },
  {
    "commentaire": "In minim eiusmod velit fugiat magna ex consequat incididunt qui irure. Do et minim sunt aliquip nostrud. Pariatur id dolore aliquip sit sint cillum."
  },
  {
    "commentaire": "Est dolor laboris dolor elit dolore incididunt minim ut sunt qui cupidatat. Amet ad velit nisi adipisicing aliquip et reprehenderit nostrud veniam. Pariatur enim non eiusmod pariatur."
  },
  {
    "commentaire": "Voluptate sint Lorem cillum et esse culpa incididunt qui ad reprehenderit aliqua. Lorem officia qui anim irure do sunt. Voluptate sint quis ex reprehenderit Lorem nostrud."
  },
  {
    "commentaire": "In occaecat reprehenderit minim anim cupidatat cillum pariatur ullamco sint cupidatat sint veniam velit id. Laboris deserunt consequat do laboris ipsum incididunt do. Occaecat nostrud aliqua officia mollit do minim pariatur cillum esse labore id consequat anim."
  },
  {
    "commentaire": "Eiusmod velit duis pariatur aute commodo amet. Culpa est ipsum est ut ullamco culpa sunt elit anim ea nisi amet excepteur. Tempor fugiat ipsum anim minim reprehenderit consectetur qui esse ad aliquip."
  },
  {
    "commentaire": "Deserunt quis id exercitation exercitation. Proident nostrud est ullamco laboris ex amet occaecat voluptate cillum. Eu sint sunt mollit minim."
  },
  {
    "commentaire": "Laboris labore do nostrud nostrud commodo veniam deserunt id mollit quis amet. Mollit cillum voluptate reprehenderit pariatur ipsum mollit ut et reprehenderit. Lorem Lorem laborum consequat nulla in occaecat fugiat exercitation sunt et occaecat."
  },
  {
    "commentaire": "Dolore mollit elit consequat voluptate cillum eiusmod. Et amet proident reprehenderit occaecat quis consequat consectetur irure irure eiusmod. Anim irure minim eiusmod voluptate sunt amet et adipisicing irure laboris enim ullamco reprehenderit anim."
  },
  {
    "commentaire": "Et laboris qui exercitation dolor sunt ipsum. Voluptate quis adipisicing labore dolore elit excepteur dolore duis laboris. Elit in in cillum proident."
  },
  {
    "commentaire": "Reprehenderit est ex sunt aliqua duis ipsum. Ad proident voluptate tempor est consectetur in quis sit irure anim reprehenderit cillum. Est sunt velit ut culpa aute voluptate eiusmod nulla eu."
  },
  {
    "commentaire": "Eu deserunt nostrud fugiat do nisi ea incididunt incididunt sunt proident sit culpa aute. Id deserunt consequat fugiat aliquip qui laborum. Quis velit nisi consequat dolor deserunt qui id est."
  },
  {
    "commentaire": "Exercitation veniam labore eiusmod nulla cupidatat ipsum exercitation cillum quis proident ipsum exercitation. Culpa et sint laboris cillum dolore sint id magna officia. Ex minim nisi exercitation minim quis ipsum elit duis ut do aute tempor."
  },
  {
    "commentaire": "Reprehenderit qui deserunt magna laborum amet. Deserunt fugiat in reprehenderit consequat irure eiusmod. Tempor magna occaecat pariatur aliquip consequat."
  },
  {
    "commentaire": "Nostrud aliquip veniam labore est mollit laborum qui nisi. Ut Lorem incididunt officia cillum nisi aliquip. Dolore voluptate amet nostrud aute mollit laborum incididunt laborum id nostrud aute."
  },
  {
    "commentaire": "Cupidatat duis officia commodo duis ipsum do id elit sint nisi. Amet irure consectetur exercitation qui. Est pariatur adipisicing laboris ipsum voluptate aute aliquip commodo."
  },
  {
    "commentaire": "Deserunt reprehenderit laborum eiusmod et enim aute cillum anim excepteur dolor ipsum excepteur irure. Pariatur enim ad ex aliquip tempor. Id nulla aute nisi consequat commodo occaecat excepteur proident adipisicing aliquip ut."
  },
  {
    "commentaire": "Sint in ea sunt eu dolore amet fugiat amet officia. Ipsum dolore et exercitation aliquip cillum Lorem anim sunt reprehenderit Lorem quis veniam ad. Duis sint non laborum voluptate dolor."
  },
  {
    "commentaire": "Consectetur pariatur culpa incididunt nisi occaecat dolor laboris eiusmod in. Aute consectetur est enim voluptate commodo aute ullamco exercitation velit eiusmod ea in. Esse ut anim sint consequat sit nisi laboris voluptate anim ea proident est."
  },
  {
    "commentaire": "Excepteur consequat aute et laborum ea esse enim. Reprehenderit fugiat elit ea excepteur ex duis qui dolor. Elit reprehenderit reprehenderit culpa cillum commodo."
  },
  {
    "commentaire": "Sunt eiusmod dolor est qui amet tempor. Quis veniam ex minim cupidatat incididunt proident nulla id duis mollit exercitation ex sint sint. Officia laborum adipisicing aute in deserunt dolor occaecat cupidatat elit eu amet ad occaecat."
  },
  {
    "commentaire": "Laborum consequat commodo commodo tempor non in. Et in excepteur ullamco sunt mollit. Adipisicing do sint sit est voluptate dolor fugiat irure nulla in cupidatat Lorem consequat cillum."
  },
  {
    "commentaire": "Labore qui consequat laborum est do ad aliqua. Ad anim aliquip eiusmod qui exercitation excepteur irure dolore non. Quis esse excepteur dolor consectetur qui fugiat elit."
  },
  {
    "commentaire": "Labore sit Lorem do sunt nostrud. Sit est aute eu Lorem veniam veniam eiusmod dolor ipsum laborum eu proident ullamco et. Magna aute labore occaecat do tempor magna Lorem tempor consectetur qui nisi dolor nostrud dolor."
  },
  {
    "commentaire": "Deserunt deserunt velit ipsum ad enim duis ad deserunt. Ad excepteur quis adipisicing occaecat anim voluptate laborum aute. Ipsum quis fugiat proident id esse est nisi proident elit."
  },
  {
    "commentaire": "Dolore aute irure nulla officia do commodo culpa reprehenderit irure non exercitation. Aute ea mollit labore non elit nisi non sint dolor. Incididunt eiusmod et ullamco amet consectetur qui dolor anim officia."
  },
  {
    "commentaire": "Et nostrud incididunt qui consequat id non sint magna est ad id sunt tempor. Deserunt reprehenderit do minim qui aute aliquip et cupidatat quis aliqua velit pariatur quis ut. Aliqua nisi sit do aliquip nulla eiusmod ullamco amet consequat aliquip est."
  },
  {
    "commentaire": "In dolore reprehenderit enim aliqua eiusmod. Ipsum esse voluptate ad fugiat commodo officia commodo ut elit esse. Est minim laboris nostrud enim sint ut."
  },
  {
    "commentaire": "Non mollit amet excepteur aute mollit non consectetur enim aliqua amet. Dolor et laborum esse ullamco ex mollit sunt amet cupidatat eiusmod consectetur commodo pariatur. Magna eu proident id et sit officia adipisicing laborum excepteur Lorem et do eu ex."
  },
  {
    "commentaire": "Veniam aliquip qui esse dolor nisi officia ea ea et pariatur consectetur. Lorem non deserunt eu ea laboris enim sint elit magna mollit magna nisi incididunt nostrud. Mollit commodo cupidatat ipsum anim quis qui."
  },
  {
    "commentaire": "Amet nostrud dolore deserunt dolore ea enim sunt ex sit fugiat irure ipsum ullamco. Ullamco tempor nulla consectetur culpa aliqua nulla aliqua nulla elit labore commodo. Deserunt sunt sunt tempor ea sint occaecat commodo mollit."
  },
  {
    "commentaire": "In sint occaecat cillum duis non. Voluptate ex cupidatat proident dolor aliquip deserunt occaecat sint. Id Lorem laborum adipisicing aute exercitation nulla aliquip ipsum ad pariatur deserunt."
  },
  {
    "commentaire": "Eiusmod nostrud quis proident id ex laborum veniam adipisicing nostrud eiusmod in pariatur consectetur et. Dolor non sunt sint tempor ullamco laboris irure esse reprehenderit anim reprehenderit. Velit Lorem irure aute exercitation."
  },
  {
    "commentaire": "Aliquip duis consectetur Lorem velit exercitation. Deserunt enim sint commodo veniam dolor sit elit incididunt velit nisi ea non. Est id sunt exercitation id officia elit laboris."
  },
  {
    "commentaire": "Exercitation sunt mollit ex incididunt occaecat reprehenderit nostrud cupidatat ullamco ut in voluptate. Duis magna fugiat fugiat incididunt cupidatat cupidatat nisi mollit. Irure culpa eu Lorem commodo amet elit nisi magna sint non cupidatat dolore sunt."
  },
  {
    "commentaire": "Deserunt mollit in dolore commodo do incididunt aliqua esse id ipsum anim proident. Lorem irure amet eu voluptate mollit labore qui incididunt. Officia consectetur amet consequat sit adipisicing sint id proident dolore nostrud et sunt."
  },
  {
    "commentaire": "Consectetur amet ut mollit mollit ea pariatur ipsum est id reprehenderit. In amet laboris ullamco sint dolore cillum. Do dolor et cillum culpa nisi voluptate adipisicing id amet velit ea occaecat dolore Lorem."
  },
  {
    "commentaire": "Quis dolor pariatur ipsum deserunt. Amet consectetur eiusmod aliqua excepteur amet ea. Proident mollit reprehenderit enim esse duis aliquip."
  },
  {
    "commentaire": "Irure pariatur sit qui enim ut sunt et ullamco. Occaecat amet magna laborum ullamco consectetur quis duis. Ea pariatur incididunt deserunt occaecat id ipsum cupidatat culpa nostrud."
  },
  {
    "commentaire": "Dolor duis sint et esse commodo minim dolor. Do cillum excepteur elit aliqua. Qui do amet cupidatat tempor nisi commodo ad non ipsum labore laboris velit labore."
  },
  {
    "commentaire": "In veniam nisi qui mollit sint fugiat culpa. Fugiat nisi reprehenderit proident nisi id dolore do exercitation ipsum pariatur. Laborum consequat laborum ipsum commodo."
  },
  {
    "commentaire": "Labore occaecat incididunt eu labore aliqua nostrud sunt. Excepteur magna id in mollit adipisicing amet do nostrud nisi mollit fugiat est consectetur. Nostrud occaecat est in Lorem qui excepteur aute incididunt."
  },
  {
    "commentaire": "Irure tempor est nostrud excepteur incididunt esse cupidatat non nostrud incididunt in adipisicing. Anim fugiat Lorem dolore mollit laboris nostrud excepteur magna sit culpa. Tempor amet elit mollit laboris non."
  },
  {
    "commentaire": "Et dolore officia et est adipisicing in. Aute fugiat velit qui eu id id. Deserunt non et qui veniam reprehenderit aliquip adipisicing enim fugiat quis."
  },
  {
    "commentaire": "Ea est mollit duis est sint magna voluptate nostrud cupidatat. Nulla labore nostrud non velit mollit est non pariatur. Cupidatat fugiat laborum dolore consequat ex."
  },
  {
    "commentaire": "Ea ullamco culpa occaecat culpa non. Lorem consequat aliqua ad esse cillum ad quis minim. Id aute sit deserunt id consectetur do aliquip in ullamco id."
  },
  {
    "commentaire": "Elit nisi sunt excepteur exercitation veniam non aute consequat velit. Exercitation exercitation ea veniam fugiat deserunt enim. Reprehenderit aliqua dolore quis veniam ullamco ullamco voluptate."
  },
  {
    "commentaire": "Aute irure Lorem excepteur esse id. Sint aliqua cillum irure ullamco et occaecat non ex ipsum. Sit sunt ad occaecat duis aute enim quis ex sit veniam duis sit fugiat amet."
  },
  {
    "commentaire": "Labore fugiat tempor ea nostrud mollit adipisicing. Aliqua sint adipisicing amet commodo irure Lorem elit. Fugiat incididunt ad labore aliqua ipsum laborum sint consequat consequat esse eu et ea sunt."
  },
  {
    "commentaire": "Aliqua reprehenderit commodo deserunt nisi sint dolore dolore. Culpa occaecat non tempor irure ex proident deserunt minim cupidatat pariatur. Esse proident aliquip Lorem irure."
  },
  {
    "commentaire": "Magna exercitation cupidatat ad officia qui ut ut eiusmod cupidatat deserunt cillum. Nostrud eu consequat sunt fugiat eiusmod dolore commodo dolor officia proident incididunt occaecat laborum. Aliqua cupidatat do incididunt dolor pariatur esse exercitation culpa aliqua."
  },
  {
    "commentaire": "Ex exercitation esse fugiat est Lorem fugiat duis ullamco laboris ut nulla dolore. Deserunt ullamco veniam esse enim eu nisi. Irure voluptate in fugiat non id qui duis sunt in."
  }
]