[
  {
    "courriel": "Sweeney.Rachel@Talae.tv"
  },
  {
    "courriel": "Marks.Velazquez@Xanide.me"
  },
  {
    "courriel": "Padilla.Flossie@Telequiet.info"
  },
  {
    "courriel": "Shannon.Sondra@Kineticut.name"
  },
  {
    "courriel": "Armstrong.Jacquelyn@Limozen.biz"
  },
  {
    "courriel": "Duran.Conner@Virxo.us"
  },
  {
    "courriel": "Osborn.Loraine@Suremax.ca"
  },
  {
    "courriel": "Morrow.Keri@Bisba.net"
  },
  {
    "courriel": "Webster.Kathleen@Zentury.io"
  },
  {
    "courriel": "Goodman.Nola@Collaire.org"
  },
  {
    "courriel": "Burgess.Chambers@Accuprint.co.uk"
  },
  {
    "courriel": "Mcdaniel.Small@Zilidium.biz"
  },
  {
    "courriel": "Franks.Barbara@Ronelon.tv"
  },
  {
    "courriel": "Cardenas.Millie@Flumbo.me"
  },
  {
    "courriel": "Soto.Meyers@Naxdis.info"
  },
  {
    "courriel": "Kennedy.Leonard@Buzzmaker.name"
  },
  {
    "courriel": "Bullock.Lorrie@Fanfare.biz"
  },
  {
    "courriel": "Knox.Ophelia@Zillacon.us"
  },
  {
    "courriel": "Burch.Thomas@Zilphur.ca"
  },
  {
    "courriel": "Pate.Hebert@Comdom.net"
  },
  {
    "courriel": "Cain.Leonor@Springbee.io"
  },
  {
    "courriel": "Mcfadden.Craig@Nurali.org"
  },
  {
    "courriel": "Melendez.Snyder@Snips.co.uk"
  },
  {
    "courriel": "Ryan.Nellie@Tetak.biz"
  },
  {
    "courriel": "Weaver.Rios@Recritube.tv"
  },
  {
    "courriel": "Williams.Randall@Frenex.me"
  },
  {
    "courriel": "Tyler.Lacy@Unia.info"
  },
  {
    "courriel": "Cherry.Conley@Syntac.name"
  },
  {
    "courriel": "Sloan.Gilliam@Orbalix.biz"
  },
  {
    "courriel": "Drake.Fuentes@Qualitern.us"
  },
  {
    "courriel": "Boone.Willis@Navir.ca"
  },
  {
    "courriel": "Mccoy.Melendez@Techtrix.net"
  },
  {
    "courriel": "Carter.Matilda@Skybold.io"
  },
  {
    "courriel": "Cole.Norma@Namegen.org"
  },
  {
    "courriel": "Tran.Bridget@Combot.co.uk"
  },
  {
    "courriel": "Gross.Olga@Conferia.biz"
  },
  {
    "courriel": "Emerson.Jensen@Octocore.tv"
  },
  {
    "courriel": "Long.Alice@Gracker.me"
  },
  {
    "courriel": "Nash.Saundra@Poochies.info"
  },
  {
    "courriel": "Mcgowan.Rhonda@Lovepad.name"
  },
  {
    "courriel": "Copeland.Fletcher@Bunga.biz"
  },
  {
    "courriel": "Robertson.Johnnie@Rockyard.us"
  },
  {
    "courriel": "Delacruz.Madden@Cinesanct.ca"
  },
  {
    "courriel": "Foreman.Charlene@Prowaste.net"
  },
  {
    "courriel": "Shaffer.Petra@Cosmetex.io"
  },
  {
    "courriel": "Cochran.Shawn@Kage.org"
  },
  {
    "courriel": "Cortez.Ewing@Ewaves.co.uk"
  },
  {
    "courriel": "Decker.Sutton@Aquafire.biz"
  },
  {
    "courriel": "Terrell.Barry@Miracula.tv"
  },
  {
    "courriel": "Patrick.Lynch@Geekko.me"
  },
  {
    "courriel": "Pearson.Catalina@Hinway.info"
  },
  {
    "courriel": "Wilder.Sherri@Dogtown.name"
  },
  {
    "courriel": "Martin.Rich@Klugger.biz"
  },
  {
    "courriel": "Sparks.Hyde@Digique.us"
  },
  {
    "courriel": "Vasquez.Warren@Remotion.ca"
  },
  {
    "courriel": "Sullivan.Raquel@Turnabout.net"
  },
  {
    "courriel": "Finley.Erna@Wazzu.io"
  },
  {
    "courriel": "West.Wilder@Bostonic.org"
  },
  {
    "courriel": "Huff.Hogan@Zisis.co.uk"
  },
  {
    "courriel": "Ferguson.Mccormick@Hotcakes.biz"
  },
  {
    "courriel": "Gallegos.Marcella@Musix.tv"
  },
  {
    "courriel": "Holland.Joy@Poshome.me"
  },
  {
    "courriel": "Mcknight.Rosalyn@Biolive.info"
  },
  {
    "courriel": "Wolfe.Gallegos@Comtrak.name"
  },
  {
    "courriel": "Clemons.Lancaster@Evidends.biz"
  },
  {
    "courriel": "Dunn.Lorraine@Zentry.us"
  },
  {
    "courriel": "Norman.Ada@Zilencio.ca"
  },
  {
    "courriel": "Perry.Mcdowell@Comveyor.net"
  },
  {
    "courriel": "Pace.Alisha@Steeltab.io"
  },
  {
    "courriel": "Sherman.Preston@Exerta.org"
  },
  {
    "courriel": "Bird.Lucille@Imkan.co.uk"
  },
  {
    "courriel": "Lawson.Cross@Quintity.biz"
  },
  {
    "courriel": "Poole.Clare@Tsunamia.tv"
  },
  {
    "courriel": "Hutchinson.Burks@Magmina.me"
  },
  {
    "courriel": "Chase.Harriet@Viagreat.info"
  },
  {
    "courriel": "Sweet.Morin@Geoform.name"
  },
  {
    "courriel": "Glover.Osborn@Emoltra.biz"
  },
  {
    "courriel": "Aguirre.Tiffany@Exoswitch.us"
  },
  {
    "courriel": "Holloway.Corine@Eclipsent.ca"
  },
  {
    "courriel": "Gilliam.Sue@Norsul.net"
  },
  {
    "courriel": "Calhoun.Tammi@Cujo.io"
  },
  {
    "courriel": "Garza.Santos@Zytrax.org"
  },
  {
    "courriel": "Mclaughlin.Simone@Maroptic.co.uk"
  },
  {
    "courriel": "Chavez.Maxwell@Teraprene.biz"
  },
  {
    "courriel": "Parsons.Arline@Digigen.tv"
  },
  {
    "courriel": "Pittman.Hinton@Acium.me"
  },
  {
    "courriel": "Nelson.Cameron@Isologica.info"
  },
  {
    "courriel": "Saunders.Madelyn@Supportal.name"
  },
  {
    "courriel": "Wheeler.Hoover@Quizmo.biz"
  },
  {
    "courriel": "Rose.Sloan@Menbrain.us"
  },
  {
    "courriel": "Leblanc.Lopez@Prosure.ca"
  },
  {
    "courriel": "Page.Tonya@Hopeli.net"
  },
  {
    "courriel": "Lyons.Adkins@Visualix.io"
  },
  {
    "courriel": "Richards.Emilia@Nikuda.org"
  },
  {
    "courriel": "Jenkins.Roy@Geekol.co.uk"
  },
  {
    "courriel": "Terry.Mclaughlin@Virva.biz"
  },
  {
    "courriel": "Russo.Parker@Exoblue.tv"
  },
  {
    "courriel": "Mathis.Fowler@Zoxy.me"
  },
  {
    "courriel": "Roach.Ines@Accel.info"
  },
  {
    "courriel": "Ross.Tami@Mixers.name"
  }
]